life_ladder,life_ladder,log_gdp_per_capita,log_gdp_per_capita,social_support,social_support,healthy_life_expectancy_at_birth,healthy_life_expectancy_at_birth,freedom_to_make_life_choices,freedom_to_make_life_choices,generosity,generosity,perceptions_of_corruption,perceptions_of_corruption,positive_affect,positive_affect,negative_affect,negative_affect
mean,median,mean,median,mean,median,mean,median,mean,median,mean,median,mean,median,mean,median,mean,median
4.282714992364248,4.278336048126221,7.899789507234208,7.847926378250122,0.7070771874395879,0.7261626124382019,51.60626661936442,51.92999839782715,0.6657306973139445,0.6799443662166595,-0.007984805455683565,-0.026204193010926198,0.7903972960263491,0.8307097256183624,0.6270823192954471,0.6261942982673645,0.25286931175020605,0.2444749698042869
5.81067078238428,5.7490434646606445,9.774690743751682,9.801931381225586,0.8465975317780361,0.8641621470451355,65.92911077445956,65.5199966430664,0.7317124746385939,0.7567064166069031,-0.03196110531827142,-0.0550767965614795,0.704122842846486,0.7859162092208862,0.6558298831198499,0.6669564247131348,0.25813539519204776,0.2485600560903549
4.490480672256113,4.493673086166382,8.286897988398918,8.224931716918945,0.702106968706171,0.7037414312362671,57.67911330349927,57.70000076293945,0.7326091469949102,0.7390855550765991,0.04037434920651613,0.02446003351360555,0.7490297043007876,0.7915089130401611,0.6344578045195547,0.6461578905582428,0.3311263243186063,0.331027016043663
6.07553544227016,6.111701965332031,10.110033286711808,10.208082675933838,0.8616078511387971,0.8827728033065796,68.12443184738524,67.75,0.8083629381784982,0.831418514251709,-0.01799236661237224,-0.04562666639685625,0.6579788158108529,0.757203608751297,0.6653543531709567,0.6867837607860565,0.2670445385738953,0.25884129106998444
