life_ladder,life_ladder,log_gdp_per_capita,log_gdp_per_capita,social_support,social_support,healthy_life_expectancy_at_birth,healthy_life_expectancy_at_birth,freedom_to_make_life_choices,freedom_to_make_life_choices,generosity,generosity,perceptions_of_corruption,perceptions_of_corruption,positive_affect,positive_affect,negative_affect,negative_affect
mean,median,mean,median,mean,median,mean,median,mean,median,mean,median,mean,median,mean,median,mean,median
4.296690571979181,4.3539652824401855,8.02297657263222,7.969194173812866,0.6935639971982107,0.7060721516609192,54.046192055506424,54.619998931884766,0.6885411878492659,0.7110607028007507,0.00950997240062669,-0.0090566501021385,0.7787628259435789,0.8143067061901093,0.6267074746880513,0.6371416449546814,0.29394127523774377,0.27995809912681574
5.817547655561894,5.752338171005249,9.781136939518593,9.806954383850098,0.8471077427866471,0.8640344440937042,65.92964108937095,65.56999969482422,0.7338017309396461,0.75868159532547,-0.031305654527204414,-0.0542744696140289,0.7018312232738192,0.7856533825397491,0.6571519767254675,0.66798135638237,0.25889451018305704,0.24998454004526138
5.957732445498846,6.006279468536377,9.955057456624074,10.04196834564209,0.8509692257757612,0.8762874007225037,67.40882449082925,67.0999984741211,0.8064450231236471,0.8297713398933411,-0.0074297269321117855,-0.0318562090396881,0.6633550847475926,0.7604421973228455,0.6635717989835493,0.6826760768890381,0.272481185419535,0.2649757862091064
